From	To
Q503K9	2Y5I
Q9I4X1	5DWZ
Q9I4X1	6ESZ
Q9I4X1	6ET0
Q9I4X1	6ET1
Q9I4X1	6ET2
Q9I4X1	6ET3
P9WQ67	3CAI
P9WN95	1RLU
P9WN95	1RQ2
P9WN95	1RQ7
P9WN95	2Q1X
P9WN95	2Q1Y
P9WN95	4KWE
P9WN95	5V68
P9WN95	5ZUE
P9WN95	6Y1U
P9WN95	6Y1V
P9WN95	6YM1
P9WN95	6YM9
P9WFX5	1ZVW
P9WFX5	2BPQ
P9WFX5	3QQS
P9WFX5	3QR9
P9WFX5	3QS8
P9WFX5	3QSA
P9WFX5	3R6C
P9WFX5	3R88
P9WFX5	3TWP
P9WFX5	3UU1
P9WFX5	4GIU
P9WFX5	4GKM
P9WFX5	4IJ1
P9WFX5	4M0R
P9WFX5	4N5V
P9WFX5	4N8Q
P9WFX5	4N93
P9WFX5	4OWM
P9WFX5	4OWN
P9WFX5	4OWO
P9WFX5	4OWQ
P9WFX5	4OWS
P9WFX5	4OWU
P9WFX5	4OWV
P9WFX5	4X58
P9WFX5	4X59
P9WFX5	4X5A
P9WFX5	4X5B
P9WFX5	4X5C
P9WFX5	4X5D
P9WFX5	4X5E
P9WFX5	5BNE
P9WFX5	5BYT
P9WFX5	5C1R
P9WFX5	5C2L
P9WFX5	5C7S
B4RLV9	5UMF
Q9LSI9	4L68
Q9LSI9	6FG7
P46662	1ISN
P46662	3WA0
P46662	4P7I
P46662	4ZRK
A0A0D5YE19	5EO6
A6V1E4	5DEM
A6V1E4	5DEP
A6V1E4	5DG3
A6V1E4	6UEE
A6V1E4	6UEG
A6V1E4	7OJ6
A6V1E4	7OJP
A6V1E4	7OJQ
A6V1E4	7OJW
A6V1E4	7OJY
A6V1E4	7OK1
A6V1E4	7OK2
A6V1E4	7OKA
A6V1E4	7T5R
A6V1E4	7T5S
A6V1E4	7T5X
A6V1E4	7T5Z
A6V1E4	7T60
A6V1E4	7T61
O68720	1HUF
O68720	1QZ0
O68720	2Y2F
O68720	2YDU
O68720	6DR1
O68720	6DR7
O68720	6DR9
O68720	6DRB
O68720	6DT6
O68720	7L0I
O68720	7L0M
C6KSZ2	2FOI
C6KSZ2	4IGE
C6KSZ2	4IGF
Q6QLL4	1XSE
Q6QLL4	3DWF
Q6QLL4	3G49
Q6QLL4	3LZ6
Q396C5	4HMW
Q396C5	4HMX
Q91UM2	2OWQ
Q91UM2	3NT7
Q91UM2	4DOF
Q91UM2	4DOG
Q91UM2	4IRB
Q91UM2	4LZB
Q91UM2	4QC9
Q91UM2	4QCA
Q91UM2	5JX3
A0PL01	4TWG
Q9H1R3	2LV6
Q9H1R3	3KF9
Q72GF3	3EAQ
Q72GF3	3EAR
Q72GF3	3EAS
Q72GF3	3I31
Q72GF3	3I32
Q72GF3	3MWJ
Q72GF3	3MWK
Q72GF3	3MWL
Q72GF3	3NBF
Q72GF3	3NEJ
Q72GF3	4I67
Q72GF3	4I68
Q72GF3	4I69
Q72GF3	4KBF
Q72GF3	4KBG
Q72GF3	5MAO
G3XP38	4C5Z
Q51782	1EI6
S7UWA0	5D9S
Q95XC8	4TZL
Q95XC8	4TZM
Q95XC8	4TZN
Q95XC8	4TZS
P08921	1A64
P08921	1A6P
P08921	1A7B
P08921	1CCZ
P08921	1CDC
P08921	1HNG
P08921	1T6W
P08921	2DRU
P0A3Q9	3E0M
Q2G542	5UUN
Q2G542	5UUO
F9UST4	5UDQ
F9UST4	5UDR
F9UST4	5UDS
F9UST4	5UDT
F9UST4	5UDU
F9UST4	5UDV
F9UST4	5UDW
F9UST4	5UDX
F9UST4	5UNM
F9UST4	6B2M
F9UST4	6B2O
F9UST4	6DG3
F9UST4	6UTP
F9UST4	6UTQ
F9UST4	6UTR
F9UST4	6UTT
Q5SHU9	1VS3
Q8TZY3	4I99
Q8TZY3	5XNS
Q9Z2X2	2DVW
Q9Z2X2	2DWZ
Q9Z2X2	3AJI
P14831	3HOG
P14831	3KM1
P14831	3KM2
P14831	3MKG
P14831	3PU7
P14831	3S0P
A0A0H2VDD2	5GUY
O33927	3K2Z
D0CY60	4LA2
D0CY60	4LA3
D0CY60	5JSO
D0CY60	5JSP
D0CY60	5JSR
P10109	3N9Y
P10109	3N9Z
P10109	3NA0
P10109	3NA1
P10109	3P1M
P10109	7M8I
C0JWR6	1M5X
C0JWR6	2FLD
C0JWR6	3FD2
C0JWR6	3KO2
Q15388	4APO
Q15388	7VBY
Q15388	7VC9
Q15388	8XVA
E1BSW7	3B0B
E1BSW7	3VH5
E1BSW7	3VH6
E1BSW7	7DA0
E1BSW7	7DA1
E1BSW7	7DA2
Q7A189	1NYC
Q7A189	1QWX
P0A734	1EV0
P0A734	3R9I
P0A734	3R9J
P23945	1XWD
P23945	4AY9
P23945	4MQW
P23945	8I2G
P23945	8I2H
O75807	4XPN
O75807	7NXV
O75807	7NZM
O75807	8QZZ
Q9BTE3	4KG9
P37090	1I5H
P46075	4K90
Q87SR8	2P7J
Q87SR8	3LID
Q87SR8	3LIE
Q9Y5P4	2E3M
Q9Y5P4	2E3N
Q9Y5P4	2E3O
Q9Y5P4	2E3P
Q9Y5P4	2E3Q
Q9Y5P4	2E3R
Q9Y5P4	2E3S
Q9Y5P4	2RSG
Q9Y5P4	2Z9Y
Q9Y5P4	2Z9Z
Q9Y5P4	3H3Q
Q9Y5P4	3H3R
Q9Y5P4	3H3S
Q9Y5P4	3H3T
Q9Y5P4	4HHV
Q9Y5P4	5JJD
Q9Y5P4	5ZYG
Q9Y5P4	5ZYH
Q9Y5P4	5ZYI
Q9Y5P4	5ZYJ
Q9Y5P4	5ZYK
Q9Y5P4	5ZYL
Q9Y5P4	5ZYM
Q9Y5P4	6IEZ
Q9Y5P4	6IF0
Q9Y5P4	6J0O
Q9Y5P4	6J81
P06601	1FJL
P06601	1PDN
Q38846	4MT8
Q38846	4MTX
D9SIP4	3W5I
D9SIP4	3W5J
D3GUV9	5M38
D3GUV9	7BBA
P37173	1KTZ
P37173	1M9Z
P37173	1PLO
P37173	2PJY
P37173	3KFD
P37173	4P7U
P37173	4XJJ
P37173	5E8V
P37173	5E8Y
P37173	5E91
P37173	5E92
P37173	5QIN
P37173	5TX4
P37173	5TY4
P37173	7DV6
P37173	8G4K
P37173	8GDT
P37173	8YGZ
Q9Y6K8	2BWJ
P34913	1S8O
P34913	1VJ5
P34913	1ZD2
P34913	1ZD3
P34913	1ZD4
P34913	1ZD5
P34913	3ANS
P34913	3ANT
P34913	3I1Y
P34913	3I28
P34913	3KOO
P34913	3OTQ
P34913	3PDC
P34913	3WK4
P34913	3WK5
P34913	3WK6
P34913	3WK7
P34913	3WK8
P34913	3WK9
P34913	3WKA
P34913	3WKB
P34913	3WKC
P34913	3WKD
P34913	3WKE
P34913	4C4X
P34913	4C4Y
P34913	4C4Z
P34913	4HAI
P34913	4J03
P34913	4JNC
P34913	4OCZ
P34913	4OD0
P34913	4X6X
P34913	4X6Y
P34913	4Y2J
P34913	4Y2P
P34913	4Y2Q
P34913	4Y2R
P34913	4Y2S
P34913	4Y2T
P34913	4Y2U
P34913	4Y2V
P34913	4Y2X
P34913	4Y2Y
P34913	5AHX
P34913	5AI0
P34913	5AI4
P34913	5AI5
P34913	5AI6
P34913	5AI8
P34913	5AI9
P34913	5AIA
P34913	5AIB
P34913	5AIC
P34913	5AK3
P34913	5AK4
P34913	5AK5
P34913	5AK6
P34913	5AKE
P34913	5AKG
P34913	5AKH
P34913	5AKI
P34913	5AKJ
P34913	5AKK
P34913	5AKL
P34913	5AKX
P34913	5AKY
P34913	5AKZ
P34913	5ALD
P34913	5ALE
P34913	5ALF
P34913	5ALG
P34913	5ALH
P34913	5ALI
P34913	5ALJ
P34913	5ALK
P34913	5ALL
P34913	5ALM
P34913	5ALN
P34913	5ALO
P34913	5ALP
P34913	5ALQ
P34913	5ALR
P34913	5ALS
P34913	5ALT
P34913	5ALU
P34913	5ALV
P34913	5ALW
P34913	5ALX
P34913	5ALY
P34913	5ALZ
P34913	5AM0
P34913	5AM1
P34913	5AM2
P34913	5AM3
P34913	5AM4
P34913	5AM5
P34913	5FP0
P34913	5MWA
P34913	6AUM
P34913	6I5E
P34913	6I5G
P34913	7EBA
P34913	8QVF
P34913	8QVG
P34913	8QVH
P34913	8QVK
P34913	8QVL
P34913	8QVM
P34913	8QWG
P34913	8QWI
Q9BZE9	5IFS
Q9BZE9	5IFW
Q9BZE9	7OAT
P02836	1DU0
P02836	1ENH
P02836	1HDD
P02836	1P7I
P02836	1P7J
P02836	1ZTR
P02836	2HDD
P02836	2HOS
P02836	2HOT
P02836	2JWT
P02836	2P81
P02836	3HDD
P02836	6FVC
P02836	6M3D
Q5TKA1	6C48
Q5TKA1	7N40
Q5TKA1	7R1D
A0A109PTH9	6BYP
A0A109PTH9	6BYT
A0A109PTH9	6BYX
A0A109PTH9	6JQ9
Q99593	2X6U
Q99593	2X6V
Q99593	4S0H
Q99593	5BQD
Q9H0F5	1X4J
Q9H0F5	4V3K
Q9H0F5	4V3L
Q9H0F5	7OJX
O69787	6FNY
O69787	6G5Z
O69787	6G60
O69787	7PTH
O69787	7PTJ
P11349	1Q16
P11349	1R27
P11349	1SIW
P11349	1Y4Z
P11349	1Y5I
P11349	1Y5L
P11349	1Y5N
P11349	3EGW
P11349	3IR5
P11349	3IR6
P11349	3IR7
P15289	1AUK
P15289	1E1Z
P15289	1E2S
P15289	1E33
P15289	1E3C
P15289	1N2K
P15289	1N2L
P15289	2AIJ
P15289	2AIK
P15289	2HI8
Q99FX5	5JEO
Q99FX5	5JER
P09167	1PRE
P09167	1Z52
P09167	3C0M
P09167	3C0N
P09167	3C0O
P09167	3G4N
P09167	3G4O
P09167	5JZH
P09167	5JZT
P09167	5JZW
O60016	1G6Z
O60016	1MVH
O60016	1MVX
O60016	6BOX
O60016	6BP4
P16778	2LR1
Q9BZI7	1UW4
Q9BZI7	2XB2
Q9BZI7	7NWU
Q5SM28	1H4Q
Q5SM28	1H4S
Q5SM28	1H4T
Q5SM28	1HC7
P17901	1EDG
P17901	2VN5
P17901	2VN6
Q01786	2CKR
Q01786	2CKS
Q15208	1PSB
Q15208	6BXI
Q16790	2HKF
Q16790	3IAI
Q16790	5DVX
Q16790	5FL4
Q16790	5FL5
Q16790	5FL6
Q16790	6FE0
Q16790	6FE1
Q16790	6FE2
Q16790	6G98
Q16790	6G9U
Q16790	6QN2
Q16790	6QN5
Q16790	6QN6
Q16790	6QUT
Q16790	6RQN
Q16790	6RQQ
Q16790	6RQU
Q16790	6RQW
Q16790	6TL5
Q16790	6TL6
Q16790	6Y74
Q16790	7POM
Q16790	8CO0
Q16790	8Q18
Q16790	8Q19
Q16790	8Q1A
Q9H7Z6	2GIV
Q9H7Z6	2PQ8
Q9H7Z6	2Y0M
Q9H7Z6	3QAH
Q9H7Z6	3TOA
Q9H7Z6	3TOB
Q9H7Z6	4DNC
Q9H7Z6	5H43
Q9H7Z6	5J8C
Q9H7Z6	5J8F
Q9H7Z6	5WCI
Q9H7Z6	6BA2
Q9H7Z6	6BA4
Q9H7Z6	6CT2
Q9H7Z6	6OIN
Q9H7Z6	6OIO
Q9H7Z6	6OIP
Q9H7Z6	6OIQ
Q9H7Z6	6OIR
Q9H7Z6	6OWH
Q9H7Z6	6OWI
Q9H7Z6	6PD8
Q9H7Z6	6PD9
Q9H7Z6	6PDA
Q9H7Z6	6PDB
Q9H7Z6	6PDC
Q9H7Z6	6PDD
Q9H7Z6	6PDE
Q9H7Z6	6PDF
Q9H7Z6	6PDG
Q9H7Z6	7CMR
Q9H7Z6	8W13
B8HDZ1	5ZKS
B8HDZ1	5ZKU
B8HDZ1	5ZKW
B8HDZ1	5ZKY
B8HDZ1	5ZL4
B8HDZ1	5ZL5
B8HDZ1	5ZLA
Q7Z6B0	1OM9
Q99538	4AW9
Q99538	4AWA
Q99538	4AWB
Q99538	4FGU
Q99538	4N6N
Q99538	4N6O
Q99538	5LU8
Q99538	5LU9
Q99538	5LUA
Q99538	5LUB
Q99538	7FQH
Q99538	7FQI
Q99538	7FQJ
Q99538	7FQK
Q99538	7FQL
Q99538	7O50
Q99538	8AE4
Q99538	8AE5
P0A6H1	1OVX
P0A6H1	2DS5
P0A6H1	2DS6
P0A6H1	2DS7
P0A6H1	2DS8
P0A6H1	3HTE
P0A6H1	3HWS
P0A6H1	4I34
P0A6H1	4I4L
P0A6H1	4I5O
P0A6H1	4I63
P0A6H1	4I81
P0A6H1	4I9K
P0A6H1	6PO1
P0A6H1	6PO3
P0A6H1	6POD
P0A6H1	6POS
P0A6H1	6PP5
P0A6H1	6PP6
P0A6H1	6PP7
P0A6H1	6PP8
P0A6H1	6PPE
P0A6H1	6WR2
P0A6H1	6WRF
P0A6H1	6WSG
P0A6H1	8E7V
P0A6H1	8E8Q
P0A6H1	8E91
P0A6H1	8ET3
P0A6H1	8V9R
P0A6H1	9C87
P0A6H1	9C88
Q9XVS8	3NV0
A3DBG4	4S1A
O14733	2DYL
O14733	3WZU
O14733	4UX9
O14733	5B2K
O14733	5B2L
O14733	5B2M
O14733	5Y8U
O14733	5Y90
O14733	5Z1D
O14733	5Z1E
O14733	6IB0
O14733	6IB2
O14733	6QFL
O14733	6QFR
O14733	6QFT
O14733	6QG4
O14733	6QG7
O14733	6QHO
O14733	6QHR
O14733	6YFZ
O14733	6YG0
O14733	6YG1
O14733	6YG2
O14733	6YG3
O14733	6YG4
O14733	6YG5
O14733	6YG6
O14733	6YG7
O14733	6YZ4
O14733	7CBX
O14733	7OVI
O14733	7OVJ
O14733	7OVK
O14733	7OVL
O14733	7OVM
O14733	7OVN
Q4WQS0	2XCY
Q4WQS0	2XZI
Q4WQS0	2XZJ
Q4WQS0	2XZK
Q4WQS0	4M4N
Q4WQS0	4M4U
Q4WQS0	4M4V
G4RIN4	5WC6
G4RIN4	5WC8
G4RIN4	5WCN
G4RIN4	5WD7
P15529	1CKL
P15529	2O39
P15529	3INB
P15529	3L89
P15529	3O8E
P15529	5FO8
P15529	8QK3
Q3U4G3	4WLG
Q3U4G3	4WLM
Q3U4G3	4WLZ
Q3U4G3	4WM0
Q3U4G3	4WMA
Q3U4G3	4WMB
Q3U4G3	4WMI
Q3U4G3	4WMK
Q3U4G3	4WN2
Q3U4G3	4WNH
O25175	3QHP
P49599	4YZG
P49599	4YZH
Q9M8R4	3UK7
Q9M8R4	4OFW
Q9M8R4	4OGG
Q9S7E4	3JTM
Q9S7E4	3N7U
Q9S7E4	3NAQ
Q9BY41	1T64
Q9BY41	1T67
Q9BY41	1T69
Q9BY41	1VKG
Q9BY41	1W22
Q9BY41	2V5W
Q9BY41	2V5X
Q9BY41	3EW8
Q9BY41	3EWF
Q9BY41	3EZP
Q9BY41	3EZT
Q9BY41	3F06
Q9BY41	3F07
Q9BY41	3F0R
Q9BY41	3MZ3
Q9BY41	3MZ4
Q9BY41	3MZ6
Q9BY41	3MZ7
Q9BY41	3RQD
Q9BY41	3SFF
Q9BY41	3SFH
Q9BY41	4QA0
Q9BY41	4QA1
Q9BY41	4QA2
Q9BY41	4QA3
Q9BY41	4QA4
Q9BY41	4QA5
Q9BY41	4QA6
Q9BY41	4QA7
Q9BY41	4RN0
Q9BY41	4RN1
Q9BY41	4RN2
Q9BY41	5BWZ
Q9BY41	5D1B
Q9BY41	5D1C
Q9BY41	5D1D
Q9BY41	5DC5
Q9BY41	5DC6
Q9BY41	5DC7
Q9BY41	5DC8
Q9BY41	5FCW
Q9BY41	5THS
Q9BY41	5THT
Q9BY41	5THU
Q9BY41	5THV
Q9BY41	5VI6
Q9BY41	6HSK
Q9BY41	6ODA
Q9BY41	6ODB
Q9BY41	6ODC
Q9BY41	7JVU
Q9BY41	7JVV
Q9BY41	7JVW
Q84527	2NV9
Q84527	2NVA
Q8IEW2	5AON
Q8IEW2	5L87
Q8IEW2	5L8A
Q8IEW2	5MMC
Q8IEW2	5N8V
Q8IEW2	5OML
Q8IEW2	6RT2
Q8IEW2	6S6R
Q8IEW2	6S7M
Q8IEW2	6S9Y
Q8IEW2	6SPT
P36094	2Q6Q
P36094	6OD2
P36094	6OEC
P36094	6OEI
O29915	5G5R
O29915	5G5X
Q13351	2L2I
Q13351	2MBH
Q13351	2N23
B3PDE5	2W9X
Q94IF5	4BHK
Q6Q0J0	2BBD
Q6Q0J0	3J31
Q5SMC7	3B0P
Q5SMC7	3B0U
Q5SMC7	3B0V
O95400	1GYF
O95400	1L2Z
O95400	1SYX
O95400	4BWS
O95400	8Q7Q
O95400	8Q7V
O95400	8Q7W
O95400	8Q7X
O95400	8Q91
O95400	8RC0
C4YMW2	4ESW
C4YMW2	4ESX
Q8TBZ6	4FMW
O95278	4R30
O95278	4RKK
Q9NRQ2	3Q5U
G7K2D1	6BQ2
G7K2D1	6BQ3
G7K2D1	6BQ4
G7K2D1	6BQ5
G7K2D1	6BQ6
G7K2D1	6BQ7
P77173	1F46
P77173	1F47
P77173	1F7W
P77173	1F7X
P77173	1S1J
P77173	1S1S
P77173	1Y2F
P77173	1Y2G
Q13227	2L5G
Q9HV00	2FIY
C9K1X5	4OMG
C9K1X5	4OMH
C9K1X5	5GUC
C9K1X5	5GUE
C9K1X5	6GGI
C9K1X5	6GGJ
C9K1X5	6GGK
C9K1X5	6GGL
C9K1X5	7AO0
C9K1X5	7AO1
C9K1X5	7AO2
C9K1X5	7AO3
C9K1X5	7AO4
C9K1X5	7AO5
C9K1X5	8QWR
C9K1X5	8QWS
A0QWG5	5F2T
A0QWG5	5F2Z
A0QWG5	5F31
A0QWG5	5F34
A0QWG5	5OCE
A0QWG5	7OJT
P20581	2Q0I
P20581	2Q0J
P20581	2VW8
P20581	3DH8
P20581	5HIO
P20581	5HIP
P20581	5HIQ
P20581	5HIS
P20581	7KGW
P20581	7KGX
P20581	7R3E
P20581	7R3F
P20581	7R3J
P20581	8B4A
P20581	8DQ0
P20581	8DQ1
Q9UNP9	1ZMF
Q9UNP9	2CQB
Q9UNP9	2KU7
Q9UNP9	2KYX
Q9UNP9	2R99
Q9UNP9	3LPY
Q9UNP9	3MDF
Q9UNP9	3UCH
Q9UNP9	5MQF
Q9UNP9	5YZG
Q9UNP9	5Z56
Q9UNP9	5Z57
Q9UNP9	6FF7
Q9UNP9	6ICZ
Q9UNP9	6ID0
Q9UNP9	6ID1
Q9UNP9	7A5P
Q9UNP9	7ABI
Q9UNP9	7W59
Q9UNP9	7W5A
Q9UNP9	7W5B
Q9UNP9	7ZEV
Q9UNP9	7ZEW
Q9UNP9	7ZEX
Q9UNP9	7ZEY
Q9UNP9	7ZEZ
Q9UNP9	8C6J
Q9UNP9	8CH6
Q9UNP9	8I0P
Q9UNP9	8I0R
Q9UNP9	8I0S
Q9UNP9	8I0T
Q9UNP9	8I0U
Q9UNP9	8I0V
Q9UNP9	8I0W
Q9UNP9	9FMD
Q47212	4B4P
Q47212	4B4Q
Q47212	4B4R
Q47212	4BWO
Q47212	4W6W
Q47212	4W6X
Q47212	4W6Y
P45379	1J1D
P45379	1J1E
P45379	4Y99
P45379	6KN7
P45379	6KN8
P45379	7UTI
P45379	7UTL
P45379	8FMM
P45379	8FMN
P45379	8FMO
P45379	8FMP
P45379	8FMQ
P45379	8FMR
P45379	8FMS
P45379	8FMT
O74986	3HUF
O74986	4X01
Q9C8L4	2GCU
Q4WF29	6GUD
Q4WF29	6GUG
Q4WF29	6GUI
Q4WF29	6GUL
Q4WF29	6GUR
P06229	1EXN
P06229	1UT5
P06229	1UT8
P06229	1XO1
P06229	5HML
P06229	5HMM
P06229	5HNK
P06229	5HP4
C7MT25	4ICH
C7MT25	4JNN
C7MT25	4KWA
C7MT25	4NEL
P67087	5HW4
P37551	1O57
P37551	1P4A
P37551	7RMW
V9P0A9	4C9S
V9P0A9	4C9T
V9P0A9	4D06
V9P0A9	4D4F
V9P0A9	8B7R
V9P0A9	8B7U
V9P0A9	8B7Z
P11086	1HNN
P11086	1N7I
P11086	1N7J
P11086	1YZ3
P11086	2AN3
P11086	2AN4
P11086	2AN5
P11086	2G70
P11086	2G71
P11086	2G72
P11086	2G8N
P11086	2OBF
P11086	2ONY
P11086	2ONZ
P11086	2OPB
P11086	3HCA
P11086	3HCB
P11086	3HCC
P11086	3HCD
P11086	3HCE
P11086	3HCF
P11086	3KPJ
P11086	3KPU
P11086	3KPV
P11086	3KPW
P11086	3KPY
P11086	3KQM
P11086	3KQO
P11086	3KQP
P11086	3KQQ
P11086	3KQS
P11086	3KQT
P11086	3KQV
P11086	3KQW
P11086	3KQY
P11086	3KR0
P11086	3KR1
P11086	3KR2
P11086	4DM3
P11086	4MIK
P11086	4MQ4
P11086	6WS1
P11086	7TWU
P11086	7TX2
P29241	1LBE
P29241	1R0S
P29241	1R12
P29241	1R15
P29241	1R16
P29241	3I9J
P29241	3I9K
P29241	3I9L
P29241	3I9O
P29241	3ZWM
P29241	3ZWN
P29241	3ZWO
P29241	3ZWP
P29241	3ZWV
P29241	3ZWW
P29241	3ZWX
P29241	3ZWY
A0A223GEC9	5NLT
A0A223GEC9	6YDC
A0A223GEC9	6YDD
A0A223GEC9	6YDE
A0A223GEC9	6YDF
Q9P7M3	4ZDT
P13717	1G8T
P13717	1QAE
P13717	1QL0
P13717	1SMN
P13717	4E3Y
P10746	1JR2
F6BCS4	4Y4N
Q8ZPX9	4CS6
Q8ZPX9	5G4A
Q8ZPX9	5LPA
Q8ZPX9	5LUH
Q8ZPX9	6FZB
A0A010	5B00
A0A010	5B01
A0A010	5B02
A0A010	5B03
A0A010	5B0I
A0A010	5B0J
A0A010	5B0K
A0A010	5B0L
A0A010	5B0M
A0A010	5GWV
A0A010	5GWW
A0A010	6J8V
A0A010	6J8W
O67757	1M1G
O67757	1M1H
O67757	1NPP
O67757	1NPR
Q0I165	3CU2
Q12163	1YN8
Q12163	2LCS
O69245	4I2O
O74859	3SP4
O74859	3SPD
O74859	3SPL
O74859	3SZQ
O74859	4XBA
O74859	4YKL
P9WGX5	4NQW
Q9XCC7	5XAY
Q9XCC7	5XAZ
O25140	4FYB
O25140	4FYC
Q9BT30	4QKB
Q9BT30	4QKD
Q9BT30	4QKF
A9CID8	3C2B
Q8DWD0	3MVP
P30014	2IS3
P30014	3NGY
P30014	3NGZ
P30014	3NH0
P30014	3NH1
P30014	3NH2
P30014	3V9S
P30014	3V9U
P30014	3V9W
P30014	3V9X
P30014	3V9Z
P30014	3VA0
P30014	3VA3
P30014	4KAZ
P30014	4KB0
P30014	4KB1
Q8A336	2I9D
Q9BQB4	2K8P
Q9BQB4	3SOV
Q9BQB4	6L6R
D9PY12	3WV7
D9PY12	3WV8
D9PY12	3WV9
Q12285	2LNZ
Q12285	2LXA
Q12285	2LXC
Q12285	2WPV
Q12285	3LKU
Q12285	3VEJ
Q12285	3ZDM
Q12285	4A20
Q12285	4ASW
Q12285	4GOC
Q12285	4PWX
Q12285	5BW8
Q12285	5BWK
Q8VSD5	3B21
Q8VSD5	3W30
Q8VSD5	3W31
Q8VSD5	4IP3
Q8VSD5	4XZX
P31340	3AQJ
P31340	3QR7
P31340	3QR8
P31340	8VOL
P31340	8VOM
P31340	8VON
P9WK15	1YK3
Q88CM1	4IW3
Q88CM1	4J25
A0A1Z1F9L9	7C23
A0A1Z1F9L9	7C29
Q8Y9T5	2XL4
Q8Y9T5	4CIH
Q9BUH6	3WTD
Q9BUH6	3WTF
Q9BUH6	4WJA
Q9BUH6	7ZWA
Q9BUH6	7ZYG
Q9BUH6	8ASC
Q9BUH6	8BH3
Q9BUH6	8BHV
Q9BUH6	8BHY
Q9BUH6	8EZA
Q9BUH6	8EZB
P40080	4NIQ
P40080	5FVK
D0VWS5	3BO7
P56162	4PAW
O95147	2WGP
O41136	3QB8
Q93RS6	2QZ7
O75223	2I5T
O75223	2PN7
O75223	2Q53
O75223	2RBH
O75223	3CRY
Q9NY25	2YHF
P40029	3PIL
P40029	3PIM
P40029	3PIN
P22629	1DF8
P22629	1HQQ
P22629	1HXL
P22629	1HXZ
P22629	1HY2
P22629	1I9H
P22629	1KFF
P22629	1KL3
P22629	1KL4
P22629	1KL5
P22629	1LCV
P22629	1LCW
P22629	1LCZ
P22629	1LUQ
P22629	1MEP
P22629	1MK5
P22629	1MM9
P22629	1MOY
P22629	1N43
P22629	1N4J
P22629	1N7Y
P22629	1N9M
P22629	1N9Y
P22629	1NBX
P22629	1NC9
P22629	1NDJ
P22629	1NQM
P22629	1PTS
P22629	1RST
P22629	1RSU
P22629	1RXH
P22629	1RXJ
P22629	1RXK
P22629	1SLD
P22629	1SLE
P22629	1SLF
P22629	1SLG
P22629	1SRE
P22629	1SRF
P22629	1SRG
P22629	1SRH
P22629	1SRI
P22629	1SRJ
P22629	1STP
P22629	1STR
P22629	1STS
P22629	1SWA
P22629	1SWB
P22629	1SWC
P22629	1SWD
P22629	1SWE
P22629	1SWF
P22629	1SWG
P22629	1SWH
P22629	1SWJ
P22629	1SWK
P22629	1SWL
P22629	1SWN
P22629	1SWO
P22629	1SWP
P22629	1SWQ
P22629	1SWR
P22629	1SWS
P22629	1SWT
P22629	1SWU
P22629	1VWA
P22629	1VWB
P22629	1VWC
P22629	1VWD
P22629	1VWE
P22629	1VWF
P22629	1VWG
P22629	1VWH
P22629	1VWI
P22629	1VWJ
P22629	1VWK
P22629	1VWL
P22629	1VWM
P22629	1VWN
P22629	1VWO
P22629	1VWP
P22629	1VWQ
P22629	1VWR
P22629	2BC3
P22629	2F01
P22629	2G5L
P22629	2GH7
P22629	2IZA
P22629	2IZB
P22629	2IZC
P22629	2IZD
P22629	2IZE
P22629	2IZF
P22629	2IZG
P22629	2IZH
P22629	2IZI
P22629	2IZJ
P22629	2IZK
P22629	2IZL
P22629	2QCB
P22629	2RTA
P22629	2RTB
P22629	2RTC
P22629	2RTD
P22629	2RTE
P22629	2RTF
P22629	2RTG
P22629	2RTH
P22629	2RTI
P22629	2RTJ
P22629	2RTK
P22629	2RTL
P22629	2RTM
P22629	2RTN
P22629	2RTO
P22629	2RTP
P22629	2RTQ
P22629	2RTR
P22629	2WPU
P22629	2Y3E
P22629	2Y3F
P22629	3MG5
P22629	3PK2
P22629	3RDM
P22629	3RDO
P22629	3RDQ
P22629	3RDS
P22629	3RDU
P22629	3RDX
P22629	3RE5
P22629	3RE6
P22629	3RY1
P22629	3RY2
P22629	3T6F
P22629	3T6L
P22629	3WYP
P22629	3WYQ
P22629	3WZN
P22629	3WZO
P22629	3WZP
P22629	3WZQ
P22629	3X00
P22629	4BX5
P22629	4BX6
P22629	4BX7
P22629	4CPE
P22629	4CPF
P22629	4CPH
P22629	4CPI
P22629	4DNE
P22629	4EKV
P22629	4GD9
P22629	4GDA
P22629	4GJS
P22629	4GJV
P22629	4IRW
P22629	4JO6
P22629	4OKA
P22629	4Y59
P22629	4Y5D
P22629	4YVB
P22629	5B5F
P22629	5B5G
P22629	5CSE
P22629	5F2B
P22629	5JD2
P22629	5K67
P22629	5K68
P22629	5L3Y
P22629	5N7X
P22629	5N89
P22629	5N8B
P22629	5N8E
P22629	5N8J
P22629	5N8T
P22629	5N8W
P22629	5N99
P22629	5TO2
P22629	5VCQ
P22629	5VKX
P22629	5VL5
P22629	5VL8
P22629	5WBA
P22629	5WBB
P22629	5WBC
P22629	5WBD
P22629	6ANX
P22629	6AUC
P22629	6AUE
P22629	6AUH
P22629	6AUL
P22629	6AUO
P22629	6AVK
P22629	6ESS
P22629	6ESU
P22629	6FH8
P22629	6FRY
P22629	6GH7
P22629	6J6J
P22629	6J6K
P22629	6LNG
P22629	6M9B
P22629	6QBB
P22629	6QSY
P22629	6QW4
P22629	6S4Q
P22629	6S50
P22629	6SOK
P22629	6SOS
P22629	6T1E
P22629	6T1G
P22629	6T1K
P22629	6T2L
P22629	6T2Y
P22629	6T2Z
P22629	6T30
P22629	6T31
P22629	6T32
P22629	6TIP
P22629	6UC3
P22629	6UD1
P22629	6UD6
P22629	6UDB
P22629	6UDC
P22629	6UI0
P22629	6UIU
P22629	6UIY
P22629	6UIZ
P22629	6US6
P22629	6VJK
P22629	6VJL
P22629	6VO9
P22629	6VOB
P22629	6VOZ
P22629	6VP1
P22629	6VP2
P22629	6VP3
P22629	6Y25
P22629	6Y2M
P22629	6Y2T
P22629	6Y33
P22629	6Y34
P22629	6Y3Q
P22629	7ALX
P22629	7B74
P22629	7DY0
P22629	7EFC
P22629	7EFD
P22629	7EK8
P22629	7EK9
P22629	7KBY
P22629	7KBZ
P22629	7KNL
P22629	7NLV
P22629	7ZOF
P22629	7ZX9
P22629	7ZXZ
P22629	8AQD
P22629	8AQJ
P22629	8AQO
P22629	8AQX
P22629	8AQY
P22629	8BY0
P22629	8BY1
P22629	8CRN
P22629	8CRP
P22629	8GOG
P22629	8GVK
P22629	8HRM
P22629	8OJW
P22629	8OJX
P22629	8P5Y
P22629	8P5Z
P22629	8PXG
P22629	8QQ3
P22629	8TY0
O25094	4RI1
O00762	1I7K
O00762	4YII
O00762	5A31
O00762	5KHR
O00762	5L9U
O00762	8TAR
O00762	8TAU
O60888	1XK8
O60888	2ZFH
Q87W03	3GN3
P9WQB5	1GU9
P9WQB5	1KNC
P9WQB5	1LW1
P9WQB5	1ME5
O07747	2N5Z
O07747	4OW1
Q55554	5FMN
P01180	1JK4
P01180	1JK6
P01180	1NPO
P01180	2BN2
P16048	1DXM
P16048	1HPC
P16048	1HTP
Q7VYH2	3OPC
P23657	1EYU
P23657	1F0O
P23657	1H56
P23657	1K0Z
P23657	1NI0
P23657	1PVI
P23657	1PVU
P23657	2PVI
P23657	3KSK
P23657	3PVI
Q4KC91	4KT3
P40515	1Y8M
P40515	2PQN
P40515	2PQR
P40515	3O48
P40515	3UUX
Q57221	1PM4
Q57221	1POQ
Q98IZ3	3HX8
O33283	2BNG
O31511	1S5A
Q8XI95	3O6U
Q9HU04	2AV9
Q9HU04	2O5U
Q9HU04	2O6B
Q9HU04	2O6T
Q9HU04	2O6U
Q9HYC4	3WA5
Q9HYC4	4LUQ
Q9HYC4	4M5F
Q9HYC4	4N7S
Q9HYC4	4N80
Q9HYC4	4N88
Q9HYC4	8IK0
Q9HYC4	8IK3
F9USS0	3BA3
Q3YPH0	2XFA
Q5LEL2	3D5P
Q9JYH5	3G3Z
Q24570	1JD5
Q24570	1SE0
Q8ZVX8	2RIF
Q8ZVX8	2RIH
Q9I380	2XU8
P38877	5MSM
P38877	5OKC
P38877	5OKI
P38877	6S1C
P38877	6S2E
P38877	6S2F
P38877	8TW9
P38877	8TWA
P51460	2H8B
P51460	2K6T
P51460	2K6U
Q663P0	1JYA
B2TEV0	2RBB
P13081	1ECS
P13081	1EWJ
P13081	1MH6
P13081	1NIQ
O68196	2D0O
O68196	2D0P
A1JSR8	3NKZ
A9CIG0	2PJS
Q53VW9	3VG8
A0A0H3JPM4	3T46
A0A0H3JPM4	3T47
A0A0H3JPM4	3T48
Q9RHG4	1ZHQ
Q9RHG4	1ZHS
Q8ML92	3BS5
Q8ML92	3BS7
Q8ML92	8BW8
Q8ML92	8BW9
Q00459	1G10
Q00459	1G11
Q00459	2BF2
Q00459	2BF3
Q00459	2BF5
Q00459	3DHH
Q00459	3DHI
Q00459	3GE3
Q00459	3GE8
Q00459	3I5J
Q00459	3I63
Q00459	3Q14
Q00459	3Q2A
Q00459	3Q3M
Q00459	3Q3N
Q00459	3Q3O
Q00459	3RI7
Q00459	5TDT
Q00459	5TDU
Q00459	5TDV
Q47785	2BL7
Q47785	2BL8
Q5LAZ3	3FMB
Q6MX18	3H6P
P78556	1M8A
P78556	2HCI
P78556	2JYO
P78556	5UR7
P78556	6WWZ
P78556	7T1E
Q5W1E8	1R7J
Q5W1E8	1XSX
F7YBW8	5CEG
F7YBW8	6X0A
O43504	3MS6
O43504	3MSH
O43504	5VOK
O43504	5X6U
O43504	5X6V
O43504	5Y38
O43504	5Y39
O43504	5Y3A
O43504	5YK3
O43504	5YK5
O43504	6B9X
O43504	6EHP
O43504	6EHR
O43504	6NZD
O43504	6U62
O43504	6ULG
O43504	6WJ2
O43504	6WJ3
O43504	7T3A
O43504	7T3B
O43504	7T3C
O43504	7UX2
O43504	7UXC
O43504	7UXH
O43504	8DHB
L7N6F8	4ZCE
Q89VT6	4H2S
Q89VT6	4H2T
Q89VT6	4H2U
Q89VT6	4H2V
A0QP50	5L37
Q1MVD4	5T5I
Q1MVD4	5T5M
P41784	2JOW
P41784	2KV7
P41784	2LPZ
P41784	2MEX
P41784	2X9C
P41784	3ZQB
P41784	3ZQE
P41784	6DWB
P41784	6OFE
P41784	6OFF
P41784	6OFG
P41784	6OFH
P41784	6PEP
P41784	6Q15
P41784	6Q16
P41784	6ZNH
P41784	7AGX
P41784	7AH9
P41784	7AHI
P41784	7RYE
Q889N2	3F6W
Q7Y5B1	3IG9
Q7Y5B1	3IGE
Q6Q546	1M94
Q6Q546	3PLU
Q6Q546	3PLV
P54494	2NN4
Q5SIT3	2E6X
Q38503	2LE2
Q38503	3ZOQ
Q13794	3MQP
P02881	1FA3
P02881	1FUW
P02881	1IV7
P02881	1IV9
P02881	1KRL
P02881	1M9G
P02881	1MNL
P02881	3MON
P02881	3PXM
P02881	3PYJ
P02881	3Q2P
P02881	4MON
P02881	5LC6
P02881	5LC7
P02881	5O7K
P02881	5O7Q
P02881	5O7R
P02881	5O7S
P02881	5XFU
P02881	5YCT
P02881	5YCU
P02881	5YCW
P02881	5Z1P
P02881	6L44
P02881	6L4I
P02881	6L4J
P02881	6L4N
P02881	6LAY
P02881	7D75
P02881	7EUA
P02881	7VWW
P02881	8JZ0
P02881	8JZ1
P02881	8Q0R
P02881	8Q0S
P0A427	1JB0
P0A427	2PPS
P0A427	3PCQ
P0A427	4FE1
P0A427	5ZF0
P0A427	6LU1
P0A427	6PFY
P0A427	6PGK
P0A427	6TRA
P0A427	6TRC
P0A427	6TRD
P0A427	7BW2
P0A427	7FIX
P0A427	7M75
P0A427	7M76
P0A427	7M78
